api-name,method-name
provider,getBalance
provider,getCode
provider,getStorageAt
provider,getTransactionCount
provider,getBlock
provider,getBlockWithTransactions
provider,getAvatar
provider,getResolver
provider,lookupAddress
provider,resolveName
resolver,name
resolver,address
resolver,getAddress
resolver,getAvatar
resolver,getContentHash
resolver,getText
provider,getLogs
provider,getNetwork
provider,getBlockNumber
provider,getGasPrice
provider,getFeeData
provider,ready
provider,call
provider,estimateGas
provider,getTransaction
provider,getTransactionReceipt
provider,sendTransaction
provider,waitForTransaction
provider,on
provider,once
provider,emit
provider,off
provider,removeAllListeners
provider,listenerCount
provider,listeners
Provider,isProvider
provider,polling
provider,pollingInterval
ethers,FallbackProvider
provider,providerConfigs
provider,quorum
fallbackProviderConfig,provider
fallbackProviderConfig,priority
fallbackProviderConfig,stallTimeout
fallbackProviderConfig,weight
ipcProvider,path
ethers,UrlJsonRpcProvider
urlJsonRpcProvider,apiKey
InheritingClass,getApiKey
InheritingClass,getUrl
ethers,Web3Provider
web3Provider,provider
externalProvider,request
externalProvider,sendAsync
externalProvider,send
ethers,WebSocketProvider
ethers,JsonRpcProvider
jsonRpcProvider,connection
jsonRpcProvider,getSigner
jsonRpcProvider,getUncheckedSigner
jsonRpcProvider,listAccounts
jsonRpcProvider,send
signer,provider
signer,connectUnchecked
signer,sendUncheckedTransaction
signer,unlock
ethers,EtherscanProvider
provider,getHistory
ethers,InfuraProvider
InfuraProvider,getWebSocketProvider
ethers,AlchemyProvider
ethers,CloudflareProvider
ethers,PocketProvider
ethers,AnkrProvider
ethers,Contract
contract,attach
contract,connect
contract,address
contract,resolvedAddress
contract,deployTransaction
contract,interface
contract,provider
contract,signer
contract,deployed
Contract,isIndexed
contract,queryFilter
contract,listenerCount
contract,listeners
contract,off
contract,on
contract,once
contract,removeAllListeners
contract,METHOD_NAME
contract,METHOD_NAME
contract,METHOD_NAME
contract,METHOD_NAME
contract,METHOD_NAME
contract,METHOD_NAME
contract,EVENT_NAME
ethers,ContractFactory
ContractFactory,fromSolidity
contractFactory,connect
contractFactory,interface
contractFactory,bytecode
contractFactory,signer
contractFactory,attach
contractFactory,getDeployTransaction
contractFactory,deploy
signer,connect
signer,getAddress
Signer,isSigner
signer,getBalance
signer,getChainId
signer,getGasPrice
signer,getTransactionCount
signer,call
signer,estimateGas
signer,resolveName
signer,signMessage
signer,signTransaction
signer,sendTransaction
signer,_signTypedData
signer,checkTransaction
signer,populateTransaction
ethers,Wallet
ethers,createRandom
ethers,fromEncryptedJson
ethers,fromEncryptedJsonSync
ethers,fromMnemonic
wallet,address
wallet,provider
wallet,publicKey
wallet,encrypt
ethers,VoidSigner
voidSigner,address
eoa,address
eoa,privateKey
eoa,mnemonic
ethers,getAddress
ethers,getIcapAddress
ethers,isAddress
ethers,computeAddress
ethers,recoverAddress
ethers,getContractAddress
ethers,getCreate2Address
network,name
network,chainId
network,ensAddress
feeData,gasPrice
feeData,maxFeePerGas
feeData,maxPriorityFeePerGas
block,hash
block,parentHash
block,number
block,timestamp
block,nonce
block,difficulty
block,_difficulty
block,gasLimit
block,gasUsed
block,miner
block,extraData
block,transactions
block,transactions
filter,address
filter,topics
filter,fromBlock
filter,toBlock
filter,blockHash
log,blockNumber
log,blockHash
log,removed
log,transactionLogIndex
log,address
log,data
log,topics
log,transactionHash
log,transactionIndex
log,logIndex
transactionRequest,to
transactionRequest,from
transactionRequest,nonce
transactionRequest,data
transactionRequest,value
transactionRequest,gasLimit
transactionRequest,gasPrice
transactionRequest,maxFeePerGas
transactionRequest,maxPriorityFeePerGas
transactionRequest,chainId
transactionRequest,type
transactionRequest,accessList
transaction,blockNumber
transaction,blockHash
transaction,timestamp
transaction,confirmations
transaction,raw
transaction,wait
transactionRequest,type
transactionRequest,accessList
receipt,to
receipt,from
receipt,contractAddress
receipt,transactionIndex
receipt,type
receipt,root
receipt,gasUsed
receipt,effectiveGasPrice
receipt,logsBloom
receipt,blockHash
receipt,transactionHash
receipt,logs
receipt,blockNumber
receipt,confirmations
receipt,cumulativeGasUsed
receipt,byzantium
receipt,status
ethers,isBytes
ethers,isBytesLike
ethers,isHexString
ethers,arrayify
ethers,hexlify
ethers,hexValue
ethers,concat
ethers,stripZeros
ethers,zeroPad
ethers,hexConcat
ethers,hexDataLength
ethers,hexDataSlice
ethers,hexStripZeros
ethers,hexZeroPad
ethers,joinSignature
ethers,splitSignature
ethers,randomBytes
ethers,shuffled
ethers,from
BigNumber,add
BigNumber,sub
BigNumber,mul
BigNumber,div
BigNumber,mod
BigNumber,pow
BigNumber,abs
BigNumber,mask
BigNumber,fromTwos
BigNumber,toTwos
BigNumber,eq
BigNumber,lt
BigNumber,lte
BigNumber,gt
BigNumber,gte
BigNumber,isZero
BigNumber,toBigInt
BigNumber,toNumber
BigNumber,toString
BigNumber,toHexString
ethers,isBigNumber
ethers,AbiCoder
ethers,defaultAbiCoder
abiCoder,encode
abiCoder,decode
ethers,full
ethers,minimal
ethers,json
ethers,sighash
fragment,name
fragment,type
fragment,inputs
fragment,format
ethers,from
ethers,isFragment
fragment,gas
fragment,payable
fragment,stateMutability
ethers,from
ethers,isConstructorFragment
ethers,from
ethers,isErrorFragment
fragment,anonymous
ethers,from
ethers,isEventFragment
fragment,constant
fragment,stateMutability
fragment,outputs
ethers,from
ethers,isFunctionFragment
paramType,name
paramType,type
paramType,baseType
paramType,indexed
paramType,arrayChildren
paramType,arrayLength
paramType,components
paramType,format
ethers,from
ethers,isParamType
ethers,commify
ethers,formatUnits
ethers,formatEther
ethers,parseUnits
ethers,parseEther
ethers,AddressZero
ethers,HashZero
ethers,EtherSymbol
ethers,NegativeOne
ethers,Zero
ethers,One
ethers,Two
ethers,WeiPerEther
ethers,MaxUint256
FixedNumber,from
FixedNumber,fromBytes
FixedNumber,fromString
FixedNumber,fromValue
fixednumber,format
fixednumber,addUnsafe
fixednumber,subUnsafe
fixednumber,mulUnsafe
fixednumber,divUnsafe
fixednumber,round
FixedNumber,isZero
fixednumber,toFormat
fixednumber,toHexString
fixednumber,toString
fixednumber,toUnsafeFloat
FixedNumber,isFixedNumber
FixedFormat,from
fixedFormat,signed
fixedFormat,width
fixedFormat,decimals
fixedFormat,name
ethers,id
ethers,keccak256
ethers,ripemd160
ethers,sha256
ethers,sha512
ethers,computeHmac
ethers,sha256
ethers,sha512
ethers,hashMessage
ethers,namehash
ethers,from
TypedDataEncoder,encode
TypedDataEncoder,getPayload
TypedDataEncoder,getPrimaryType
TypedDataEncoder,hash
TypedDataEncoder,hashDomain
TypedDataEncoder,resolveNames
ethers,solidityPack
ethers,solidityKeccak256
ethers,soliditySha256
ethers,Interface
interface,fragments
interface,errors
interface,events
interface,functions
interface,deploy
interface,format
interface,getFunction
interface,getError
interface,getEvent
interface,getSighash
interface,getEventTopic
interface,encodeDeploy
interface,encodeErrorResult
interface,encodeFilterTopics
interface,encodeFunctionData
interface,encodeFunctionResult
interface,decodeErrorResult
interface,decodeEventLog
interface,decodeFunctionData
interface,decodeFunctionResult
interface,parseError
interface,parseLog
interface,parseTransaction
errorDescription,args
errorDescription,errorFragment
errorDescription,name
errorDescription,signature
errorDescription,sighash
logDescription,args
logDescription,eventFragment
logDescription,name
logDescription,signature
logDescription,topic
transactionDescription,args
transactionDescription,functionFragment
transactionDescription,name
transactionDescription,sighash
transactionDescription,signature
transactionDescription,value
ethers,decode
ethers,encode
ethers,decode
ethers,encode
ethers,encode
ethers,decode
ethers,defaultPath
mnemonic,phrase
mnemonic,path
mnemonic,locale
ethers,fromMnemonic
ethers,fromSeed
ethers,fromExtendedKey
hdNode,privateKey
hdNode,publicKey
hdNode,fingerprint
hdNode,parentFingerprint
hdNode,address
hdNode,mnemonic
hdNode,path
hdNode,chainCode
hdNode,index
hdNode,depth
hdNode,extendedKey
hdNode,neuter
hdNode,derivePath
ethers,mnemonicToSeed
ethers,mnemonicToEntropy
ethers,isValidMnemonic
unsignedTransaction,to
unsignedTransaction,nonce
unsignedTransaction,gasLimit
unsignedTransaction,gasPrice
unsignedTransaction,maxFeePerGas
unsignedTransaction,maxPriorityFeePerGas
unsignedTransaction,data
unsignedTransaction,value
unsignedTransaction,chainId
transaction,hash
transaction,to
transaction,from
transaction,nonce
transaction,gasLimit
transaction,gasPrice
transaction,maxFeePerGas
transaction,maxPriorityFeePerGas
transaction,data
transaction,value
transaction,chainId
transaction,r
transaction,s
transaction,v
ethers,accessListify
ethers,parseTransaction
ethers,serializeTransaction
wordlist,locale
wordlist,getWord
wordlist,getWordIndex
wordlist,split
wordlist,join
Wordlist,check
Wordlist,register
ethers,cz
ethers,en
ethers,es
ethers,fr
ethers,it
ethers,ja
ethers,ko
ethers,zh_cn
ethers,zh_tw
ethers,SigningKey
signingKey,privateKey
signingKey,publicKey
signingKey,compressedPublicKey
signingKey,signDigest
signingKey,computeSharedSecret
SigningKey,isSigningKey
ethers,verifyMessage
ethers,verifyTypedData
ethers,recoverPublicKey
ethers,computePublicKey
ethers,parseBytes32String
ethers,formatBytes32String
ethers,toUtf8Bytes
ethers,toUtf8CodePoints
ethers,toUtf8String
ethers,current
ethers,NFC
ethers,NFD
ethers,NFKC
ethers,NFKD
,errorFunction
ethers,BAD_PREFIX
ethers,MISSING_CONTINUE
ethers,OUT_OF_RANGE
ethers,OVERLONG
ethers,OVERRUN
ethers,UNEXPECTED_CONTINUE
ethers,UTF16_SURROGATE
ethers,error
ethers,ignore
ethers,replace
ethers,checkProperties
ethers,deepCopy
ethers,defineReadOnly
ethers,getStatic
ethers,resolveProperties
ethers,shallowCopy
ethers,Logger
Logger,globalLogger
logger,debug
logger,info
logger,warn
logger,makeError
logger,throwError
logger,throwArgumentError
logger,checkAbstract
logger,checkArgumentCount
logger,checkNew
logger,checkNormalize
logger,checkSafeUint53
Logger,setCensorship
Logger,setLogLevel
Logger,NOT_IMPLEMENTED
Logger,SERVER_ERROR
Logger,TIMEOUT
Logger,UNKNOWN_ERROR
Logger,UNSUPPORTED_OPERATION
Logger,BUFFER_OVERRUN
Logger,NUMERIC_FAULT
Logger,INVALID_ARGUMENT
Logger,MISSING_ARGUMENT
Logger,MISSING_NEW
Logger,UNEXPECTED_ARGUMENT
Logger,CALL_EXCEPTION
Logger,INSUFFICIENT_FUNDS
Logger,NETWORK_ERROR
Logger,NONCE_EXPIRED
Logger,REPLACEMENT_UNDERPRICED
Logger,TRANSACTION_REPLACED
Logger,UNPREDICTABLE_GAS_LIMIT
Logger,DEBUG
Logger,INFO
Logger,WARNING
Logger,ERROR
Logger,OFF
ethers,fetchJson
ethers,poll
connection,url
connection,user
connection,password
connection,allowInsecureAuthentication
connection,timeout
connection,headers
connection,skipFetchSetup
connection,errorPassThrough
connection,allowGzip
connection,throttleLimit
connection,throttleSlotInterval
connection,throttleCallback
options,timeout
options,floor
options,ceiling
options,interval
options,retryLimit
options,onceBlock
options,oncePoll
,offset
,length
,source
node,tag
node,location
literalNode,value
literalNode,verbatim
literalNode,index
linkNode,label
linkNode,type
opcodeNode,opcode
opcodeNode,operands
literalNode,verbatim
evaluationNode,script
evaluationNode,script
labelledNode,name
dataNode,data
scopeNode,statements
asm,parse
asm,assemble
asm,disassemble
asm,formatBytecode
bytecode,getOperation
operation,opcode
operation,offset
operation,pushValue
asm,from
opcode,value
opcode,mnemonic
opcode,delta
opcode,alpha
opcode,doc
opcode,isMemory
opcode,isStatic
opcode,isJump
opcode,isPush
,LedgerSigner
BrainWallet,generate
BrainWallet,generateLegacy
,NonceManager
nonceManager,signer
nonceManager,provider
nonceManager,setTransactionCount
nonceManager,incrementTransactionCount
